<?xml version="1.0" encoding="UTF-8"?>
<!DOCTYPE mapper PUBLIC "-//mybatis.org//DTD Mapper 3.0//EN" "http://mybatis.org/dtd/mybatis-3-mapper.dtd">
<mapper namespace="com.piesat.school.biz.ds.datainf.mapper.DatainfMapper">

    <!-- 通用查询映射结果 -->
    <resultMap id="BaseResultMap" type="com.piesat.school.biz.ds.datainf.entity.Datainf">
        <result column="id" property="id" />
        <result column="data_name" property="dataName" />
        <result column="maker" property="maker" />
        <result column="data_unit" property="dataUnit" />
        <result column="address" property="address" />
        <result column="keyword" property="keyword" />
        <result column="first_class" property="firstClass" />
        <result column="sec_class" property="secClass"/>
        <result column="content" property="content" />
        <result column="meas" property="meas" />
        <result column="ratio" property="ratio" />
        <result column="doi" property="doi" />
        <result column="pic" property="pic" />
        <result column="status" property="status" />
        <result column="introduction" property="introduction" />
        <result column="origin" property="origin" />
        <result column="solution" property="solution" />
        <result column="con_id" property="conId" />
        <result column="created_at" property="createdAt" />
        <result column="updated_at" property="updatedAt" />
        <result column="kick_count" property="kickCount" />
        <result column="down_count" property="downCount" />
        <result column="start_at" property="startAt"/>
        <result column="end_at" property="endAt"/>
        <result column="topic_id" property="topicId"/>
        <result column="data_amount" property="dataAmount"/>
        <result column="deleted" property="deleted"/>
    </resultMap>

    <!-- 通用查询结果列 -->
    <sql id="Base_Column_List">
        id,
        data_name, maker,start_at,end_at, data_unit, address, keyword, first_class,sec_class, content, meas, ratio, doi, pic, status, introduction,
        origin, solution, con_id, created_at, updated_at, kick_count, down_count,topic_id,data_amount,deleted
    </sql>
    <select id="getAllDatainf" resultType="com.piesat.school.datainf.vto.DataInfListVTO">
        select
            a.id,
            a.data_name,
            a.down_count,
            a.data_amount,
            a.pic,
            a.start_at,
            a.end_at,
            a.`status`
        from t_data_inf a
        where a.deleted = 1
        order by a.start_at desc
    </select>

    <select id="searchByKeyword" resultType="com.piesat.school.datainf.vto.DataInfListVTO">
        select
            a.id,
            a.data_name,
            a.down_count,
            a.data_amount,
            a.pic,
            a.start_at,
            a.end_at,
            a.`status`
        from
            t_data_inf a
            where (a.keyword like #{searchByKeyParamData.keyword} AND a.deleted = 1)
            order by a.start_at desc

    </select>
    <select id="searchByClass" resultType="com.piesat.school.datainf.vto.DataInfListVTO">
        SELECT
            a.id,
            a.data_name,
            a.down_count,
            a.data_amount,
            a.pic,
            a.start_at,
            a.end_at,
            a.`status`
        FROM
            t_data_inf a
        WHERE (a.first_class = #{searchByClassParamData.firstClass} OR a.sec_class = #{searchByClassParamData.secClass} AND deleted = 1)
            ORDER BY a.start_at DESC

    </select>
    <select id="searchByTime" resultType="com.piesat.school.datainf.vto.DataInfListVTO">
        SELECT
            a.id,
            a.data_name,
            a.down_count,
            a.data_amount,
            a.pic,
            a.start_at,
            a.end_at,
            a.`status`
        FROM
            t_data_inf a
        WHERE (a.start_at > #{searchByTimeParamData.startAt} AND #{searchByTimeParamData.endAt} > a.end_at AND deleted = 1)
            ORDER BY a.start_at DESC

    </select>
    <select id="searchAll" resultType="com.piesat.school.datainf.vto.DataInfListVTO">
        SELECT
            id,
            data_name,
            down_count,
            data_amount,
            pic,
            start_at,
            end_at,
            `status`
        FROM
            t_data_inf
        WHERE  deleted = 1
              <if test="searchAllParamData.firstClass != null">
                  AND first_class = #{searchAllParamData.firstClass}
              </if>
              <if test="searchAllParamData.secClass != null">
                  AND sec_class = #{searchAllParamData.secClass}
              </if>
              <if test="searchAllParamData.startAt != null ">
                  AND start_at > #{searchAllParamData.startAt}
              </if>
              <if test="searchAllParamData.endAt != null">
                  AND #{searchAllParamData.endAt} >end_at
              </if>
        ORDER BY start_at DESC
    </select>
    <select id="dataInfDetail" parameterType="long" resultType="com.piesat.school.datainf.vto.DataInfDetailVTO">
        select
            a.data_name,
            a.data_unit,
            a.maker,
            a.address,
            a.keyword,
            a.doi,
            a.first_class,
            a.sec_class,
            a.introduction,
            a.meas,
            a.`status`,
            a.start_at,
            a.solution,
            a.origin,
            a.end_at,
            a.ratio,
            b.con_name,
            b.con_address,
            b.email,
            b.mobile,
            b.con_unit,
            a.left_up,
            a.right_down,
            a.kick_count kickCount,
            a.pic,
            a.data_amount,
            a.upload_user_id,
            a.generation_mode
        from t_data_inf a
        LEFT JOIN t_contact b on b.id = a.con_id
        LEFT JOIN t_generation g on g.id=a.generation_mode
        where (a.id = #{dataInfId} AND a.deleted = 0)
    </select>
    <select id="getThematicData" resultType="com.piesat.school.datainf.vto.DataInfListVTO">
        select tdi.id as id,
        tdi.created_at as createdAt,
        tdi.start_at as startAt,
        tdi.end_at as endAt,
        tdi.data_name as dataName,
        u.name as updateName
        from  t_data_inf tdi
        left join t_user u on u.id=tdi.upload_user_id
        left join t_data_review tdr on tdr.data_id = tdi.id
        where tdr.status = 5
        and  tdi.deleted=0
        and  tdi.publisher_status =0
        and  tdi.id not in (select data_id from t_topic_data_rel where topic_id =#{param.topicId})
        <if test="param.dataName != '' and param.dataName != null">
            and tdi.data_name like concat('%',#{param.dataName},'%')
        </if>
    </select>
    <select id="menuDataList" resultType="com.piesat.school.datainf.vto.DataInfDetailVTO">
        select
            a.id,
            a.data_name,
            a.data_unit,
            a.maker,
            a.address,
            a.keyword,
            a.doi,
            a.first_class,
            a.sec_class,
            a.introduction,
            a.meas,
            a.`status`,
            a.start_at,
            a.solution,
            a.origin,
            a.end_at,
            a.ratio,
            b.con_name,
            b.con_address,
            b.email,
            b.mobile,
            b.con_unit,
            a.left_up,
            a.right_down,
            a.kick_count kickCount,
            a.down_count downCount,
            a.pic,
            a.data_amount,
            a.upload_user_id,
            a.generation_mode,
            g.comment
        from t_data_inf a
                 LEFT JOIN t_contact b on b.id = a.con_id
                 left join t_generation g on g.id=a.generation_mode
        where a.deleted = 0
        <if test="param.publishStatus != null and param.publishStatus != ''">
            and a.publisher_status =#{param.publishStatus}
        </if>
        <if test="param.dataName != null and param.dataName != ''">
           and a.data_name like concat('%',#{param.dataName},'%')
        </if>
        <if test="param.firstClass!= null and param.firstClass != ''">
            and a.first_class = #{param.firstClass}
        </if>
        <if test="param.secClass!=null and param.secClass != ''">
            and a.sec_class = #{param.secClass}
        </if>
        <if test="param.generation != null and param.generation != ''">
            and g.id=#{param.generation}
        </if>
        <if test="param.address !=null and param.address != ''">
            and a.address like concat('%',#{param.address},'%')
        </if>
        <if test="param.startDate !=null and param.startDate != ''">
            and a.start_at > #{param.startDate}
        </if>
        <if test="param.endDate != null and param.endDate != ''">
            and a.end_at <![CDATA[< #{param.endDate}]]>
        </if>
    </select>
    <!--    <select id="myDataMenu" parameterType="long" resultType="com.piesat.school.datainf.vto.MyDataInfVTO">-->
<!--        SELECT-->
<!--            id,-->
<!--            address,-->
<!--            start_at,-->
<!--            end_at,-->
<!--            upload_user_id,-->
<!--            through_review-->
<!--        FROM t_data_inf-->
<!--        WHERE upload_user_id = #{userId} AND deleted = 1-->
<!--    </select>-->
<!--    <update id="delDataInf">-->
<!--        UPDATE t_data_inf-->
<!--        SET deleted = 0-->
<!--        WHERE id IN-->
<!--        <foreach collection="list" item="id" index="index" open="(" close=")" separator=",">-->
<!--            #{id}-->
<!--        </foreach>-->

<!--    </update>-->
    <select id="menuDataListDetail" resultType="com.piesat.school.datainf.vto.DataInfDetailVTO">
        select
        a.id,
        a.data_name,
        a.data_unit,
        a.maker,
        a.address,
        a.keyword,
        a.doi,
        a.first_class,
        a.sec_class,
        a.introduction,
        a.meas,
        a.`status`,
        a.start_at,
        a.solution,
        a.origin,
        a.end_at,
        a.ratio,
        b.con_name,
        b.con_address,
        b.email,
        b.mobile,
        b.con_unit,
        a.left_up,
        a.right_down,
        a.kick_count kickCount,
        a.down_count downCount,
        a.pic,
        a.data_amount,
        a.upload_user_id,
        a.generation_mode,
        g.comment,
        r.status throughReview
        from t_data_inf a
        LEFT JOIN t_contact b on b.id = a.con_id
        left join t_generation g on g.id=a.generation_mode
        left join t_data_review r on a.id=r.data_id
        where a.deleted = 0
        <if test="param.publishStatus != null ">
            and a.publisher_status =#{param.publishStatus}
        </if>
        <if test="param.dataName != null and param.dataName != ''">
            and a.data_name like concat('%',#{param.dataName},'%')
        </if>
        <if test="param.firstClass!= null and param.firstClass != ''">
            and a.first_class = #{param.firstClass}
        </if>
        <if test="param.secClass!=null and param.secClass != ''">
            and a.sec_class = #{param.secClass}
        </if>
        <if test="param.generation != null and param.generation != ''">
            and g.id=#{param.generation}
        </if>
        <if test="param.address !=null and param.address != ''">
            and a.address like concat('%',#{param.address},'%')
        </if>
        <if test="param.startDate !=null and param.startDate != ''">
            and a.start_at > #{param.startDate}
        </if>
        <if test="param.endDate != null and param.endDate != ''">
            and a.end_at <![CDATA[< #{param.endDate}]]>
        </if>
        <if test="orderStr!=null and orderStr!=''">
            order by ${orderStr}
        </if>
<!--        <if test="(param.ascAttributes!=null and param.ascAttributes!='')|| (param.descAttributes!=null and param.descAttributes!='')">-->
<!--            order by-->
<!--            <if test="param.ascAttributes!=null and param.ascAttributes!=''">-->
<!--                ${param.ascAttributes} asc-->
<!--                <if test="param.descAttributes!=null and param.descAttributes!=''">-->
<!--                    ,-->
<!--                </if>-->
<!--            </if>-->
<!--            <if test="param.descAttributes!=null and param.descAttributes!=''">-->
<!--                <![CDATA[ ${param.descAttributes} desc]]>-->
<!--            </if>-->
<!--        </if>-->
    </select>
    <select id="getGenerationModeDetail"
            resultType="com.piesat.school.generationMode.vto.GenerationModeVTO">
        select g.id,g.comment,a.num as number from t_generation g left JOIN (select count(1)as num ,generation_mode from t_data_inf GROUP BY generation_mode ) a on a.generation_mode=g.id
    </select>

</mapper>
