<?xml version="1.0" encoding="UTF-8"?>
<!DOCTYPE mapper PUBLIC "-//mybatis.org//DTD Mapper 3.0//EN" "http://mybatis.org/dtd/mybatis-3-mapper.dtd">
<mapper namespace="com.piesat.school.biz.ds.datainf.mapper.SystemEmailMapper">

    <!-- 通用查询映射结果 -->
    <resultMap id="BaseResultMap" type="com.piesat.school.biz.ds.datainf.entity.SystemEmail">
        <result column="id" property="id" />
        <result column="email" property="email" />
        <result column="hot_code" property="hotCode" />
        <result column="created_at" property="createdAt" />
        <result column="updated_at" property="updatedAt" />

    </resultMap>

    <!-- 通用查询结果列 -->
    <sql id="Base_Column_List">
        id,
        email,created_at,hot_code,updated_at
    </sql>
    <select id="seeEmail" resultType="com.piesat.school.datainf.vto.SystemEmailVTO">
        select
        *
        from t_system_email
    </select>


</mapper>
