<?xml version="1.0" encoding="UTF-8"?>
<!DOCTYPE mapper PUBLIC "-//mybatis.org//DTD Mapper 3.0//EN" "http://mybatis.org/dtd/mybatis-3-mapper.dtd">
<mapper namespace="com.piesat.school.biz.ds.datainf.mapper.WebLinkMapper">

    <!-- 通用查询映射结果 -->
    <resultMap id="BaseResultMap" type="com.piesat.school.biz.ds.datainf.entity.WebLink">
        <result column="id" property="id" />
        <result column="web_name" property="webName" />
        <result column="web_url" property="webUrl" />

    </resultMap>

    <!-- 通用查询结果列 -->
    <sql id="Base_Column_List">
        id,
        web_name,web_url
    </sql>
    <select id="linkList" resultType="com.piesat.school.datainf.vto.WebLinkVTO">
        select
        *
        from t_web_link
    </select>


</mapper>
