<?xml version="1.0" encoding="UTF-8"?>
<!DOCTYPE mapper PUBLIC "-//mybatis.org//DTD Mapper 3.0//EN" "http://mybatis.org/dtd/mybatis-3-mapper.dtd">
<mapper namespace="com.piesat.school.biz.ds.method.mapper.MethodMapper">

    <!-- 通用查询映射结果 -->
    <resultMap id="BaseResultMap" type="com.piesat.school.biz.ds.method.entity.Method">
        <result column="id" property="id" />
        <result column="met_name" property="metName" />
        <result column="updated_at" property="updatedAt" />
        <result column="created_at" property="createdAt" />
    </resultMap>

    <!-- 通用查询结果列 -->
    <sql id="Base_Column_List">
        id,
        met_name, updated_at, created_at
    </sql>

</mapper>
