<?xml version="1.0" encoding="UTF-8"?>
<!DOCTYPE mapper PUBLIC "-//mybatis.org//DTD Mapper 3.0//EN" "http://mybatis.org/dtd/mybatis-3-mapper.dtd">
<mapper namespace="com.piesat.school.biz.ds.order.mapper.AttentionMapper">

    <!-- 通用查询映射结果 -->
    <resultMap id="BaseResultMap" type="com.piesat.school.biz.ds.order.entity.Attention">
        <result column="id" property="id" />
        <result column="user_id" property="userId" />
        <result column="data_id" property="dataId" />
        <result column="created_at" property="createdAt" />
        <result column="updated_at" property="updatedAt" />
        <result column="status" property="status" />
    </resultMap>

    <!-- 通用查询结果列 -->
    <sql id="Base_Column_List">
        id,
        user_id, data_id, created_at, updated_at, status
    </sql>

</mapper>
