<?xml version="1.0" encoding="UTF-8"?>
<!DOCTYPE mapper PUBLIC "-//mybatis.org//DTD Mapper 3.0//EN" "http://mybatis.org/dtd/mybatis-3-mapper.dtd">
<mapper namespace="com.piesat.school.biz.ds.information.mapper.InformationMapper">

    <!-- 通用查询映射结果 -->
    <resultMap id="BaseResultMap" type="com.piesat.school.biz.ds.information.entity.Information">
        <result column="id" property="id" />
        <result column="type" property="type" />
        <result column="title" property="title" />
        <result column="content" property="content" />
        <result column="publisher" property="publisher" />
        <result column="created_at" property="createdAt" />
        <result column="updated_at" property="updatedAt" />
    </resultMap>

    <!-- 通用查询结果列 -->
    <sql id="Base_Column_List">
        id,
        type, title, content, publisher, created_at, updated_at
    </sql>

</mapper>
