<?xml version="1.0" encoding="UTF-8"?>
<!DOCTYPE mapper PUBLIC "-//mybatis.org//DTD Mapper 3.0//EN" "http://mybatis.org/dtd/mybatis-3-mapper.dtd">
<mapper namespace="com.piesat.school.biz.ds.datareview.mapper.DataReviewMapper">

    <!-- 通用查询映射结果 -->
    <resultMap id="BaseResultMap" type="com.piesat.school.biz.ds.datareview.entity.DataReview">
        <result column="id" property="id" />
        <result column="status" property="status" />
        <result column="data_id" property="dataId" />
        <result column="admin_judge_id" property="adminJudgeId" />
        <result column="user_judge_id" property="userJudgeId" />
        <result column="created_at" property="createdAt" />
        <result column="updated_at" property="updatedAt" />
    </resultMap>

    <!-- 通用查询结果列 -->
    <sql id="Base_Column_List">
        id,
        status, data_id, admin_judge_id, user_judge_id, created_at, updated_at,no_pass_reason,recheck_pass_reason,rechecked_at,checked_at
    </sql>

    <select id="dataReview" resultType="com.piesat.school.datareview.vto.DataReviewVTO">
        SELECT
            di.data_name  dataName,
            di.start_at startAt,
            di.end_at endAt,
            di.address address,
            c.con_name conName,
            di.data_unit dataUnit,
            di.created_at createdAt,
            dr.`status` status,
            di.upload_user_id uploadUserId,
            di.id,
            dr.no_pass_reason noPassReason,
            dr.recheck_pass_reason recheckPassReason,
            dr.admin_judge_id adminJudgeId,
            dr.user_judge_id userJudgeId,
            dr.rechecked_at recheckedAt,
            dr.checked_at checkedAt,
            u.name uploadName
        FROM
            t_data_review dr
            LEFT JOIN t_data_inf di ON dr.data_id = di.id
            LEFT JOIN t_contact c ON di.con_id = c.id
            left join t_user u on u.id=di.upload_user_id
        where di.deleted=0
        <if test="param.dataName != null and param.dataName != ''">
            and di.data_name like concat ('%',#{param.dataName},'%')
        </if>
        <if test="param.start != null">
            and di.created_at > str_to_date(#{param.start},'%Y-%m-%d')
        </if>
        <if test="param.end !=null">
            and di.created_at <![CDATA[< str_to_date(#{param.end},'%Y-%m-%d')]]>
        </if>
        <if test="param.status != null">
            and dr.status =#{param.status}
        </if>
    </select>

    <select id="userDataReview" resultType="com.piesat.school.datareview.vto.DataReviewUserVTO">
        SELECT
            di.id,
            di.data_name dataName,
            di.address address,
            dr.created_at createdAt,
            di.`status` status,
            di.maker maker,
            dr.updated_at updatedAt,
            dr.status reviewStatus,
            dr.rechecked_at recheckedAt
        FROM
            t_data_review dr
            LEFT JOIN t_data_inf di ON dr.data_id = di.id
            WHERE dr.user_judge_id = #{userDataReviewParamData.userJudgeId}
              and di.deleted = 0
            <if test="!userDataReviewParamData.isAudit">
                and (dr.status=1 or dr.status=2)
            </if>
            <if test="userDataReviewParamData.isAudit">
                and (dr.status=3 or dr.status=9 or dr.status=4 or dr.status=5)
            </if>
    </select>
    <select id="screen" resultType="java.lang.String">
        select
            data_name dataName
        from t_data_inf
        where data_name like concat ('%',#{param.dataName},'%')
    </select>
    <select id="selectAll" resultType="com.piesat.school.datareview.vto.DataReviewReVTO">
        select id,
               status,
               data_id dataId,
               admin_judge_id adminJudgeId,
               user_judge_id userJudgeId,
               created_at createdAt,
               updated_at updatedAt,
               no_pass_reason noPassReason,
               recheck_pass_reason recheckPassReason,
               rechecked_at recheckedAt,
               checked_at checkedAt
        from t_data_review
        where data_id = #{param}
    </select>
    <select id="selectIds" resultType="java.lang.Long">
        SELECT
        di.id
        FROM
        t_data_review dr
        LEFT JOIN t_data_inf di ON dr.data_id = di.id
        WHERE dr.user_judge_id = #{userDataReviewParamData.userJudgeId}
        and di.deleted = 0
        <if test="!userDataReviewParamData.isAudit">
            and (dr.status=1 or dr.status=2)
        </if>
        <if test="userDataReviewParamData.isAudit">
            and (dr.status=3 or dr.status=9 or dr.status=4 or dr.status=5)
        </if>
    </select>

</mapper>
