<?xml version="1.0" encoding="UTF-8"?>
<!DOCTYPE mapper PUBLIC "-//mybatis.org//DTD Mapper 3.0//EN" "http://mybatis.org/dtd/mybatis-3-mapper.dtd">
<mapper namespace="com.piesat.school.biz.ds.dataClass.mapper.DataClassMapper">

    <!-- 通用查询映射结果 -->
    <resultMap id="BaseResultMap" type="com.piesat.school.biz.ds.dataClass.entity.DataClass">
        <result column="id" property="id" />
        <result column="name" property="name" />
        <result column="level" property="level" />
        <result column="parent_id" property="parentId" />
        <result column="path" property="path" />
        <result column="order_number" property="orderNumber" />
        <result column="data_num" property="dataNum" />
        <result column="status" property="status" />
        <result column="created_at" property="createdAt" />
        <result column="updated_at" property="updatedAt" />
    </resultMap>

    <!-- 通用查询结果列 -->
    <sql id="Base_Column_List">
        id,
        name, level, parent_id, path, order_number, data_num, status, created_at, updated_at
    </sql>
    <update id="updateDataClassification"  parameterType="java.util.List">
        <foreach collection="list" item="item" index="index" separator=";">
            update t_data_class set order_number=#{item.orderNumber} where id =#{item.id}
        </foreach>
    </update>


</mapper>
